{"iterations": 180, "depth": 5, "learning_rate": 0.07082428899762874, "subsample": 0.9650214403608193, "colsample_bylevel": 0.6490829813452552}
