{"iterations": 418, "depth": 6, "learning_rate": 0.21849155230550643, "subsample": 0.8535524515709212, "colsample_bylevel": 0.9583336280226162}
