{"n_estimators": 93, "max_depth": 3, "learning_rate": 0.03528727863319686, "subsample": 0.7353924419153355, "colsample_bytree": 0.9960774589920796}