{"n_estimators": 80, "max_depth": 15, "learning_rate": 0.043372000935757236, "subsample": 0.7157188226215301, "colsample_bytree": 0.9773657559025434}
